name,website,direction,status
EventPro Solutions,www.eventprosolutions.com,123 Event Plaza,Active
Global Hospitality Group,www.globalhosp.org,456 Summit St,Active
MICE Connect Innovations,www.miceconnectinn.net,789 Convention Ave,Active
Luxury Event Planners,www.luxevents.co,101 Grand Blvd,Active
Elite Conference Management,www.eliteconf.com,202 Prestige Rd,Active
Summit Corporate Retreats,www.summitretreats.biz,303 Mountain View,Active
Innovative Venue Spaces,www.innovativevenues.io,404 Creativity Ln,Active
Concierge Event Design,www.concierge-design.com,505 Bespoke St,Active
Digital Event Solutions,www.digitalevents.app,606 Tech Hub,Active
Green Event Solutions,www.greenevents.eco,707 Nature Way,Active
Urban Loft Events,www.urbanloftevents.net,808 Cityscape Dr,Active
Coastal Retreat Experiences,www.coastalretreats.travel,909 Oceanfront Rd,Active
Mountain Majesty Meetings,www.mountainmajesty.biz,111 Alpine Dr,UnActive
Desert Oasis Gatherings,www.desertoasis.com,222 Sand Dune Rd,Active
Island Paradise Events,www.islandparadise.org,333 Coral Reef,Active
Historic Venue Management,www.historicvenues.co,444 Heritage Rd,Active
Modern Art Exhibitions,www.modernartx.net,555 Gallery Ln,Active
Classic Elegance Events,www.classicelegance.com,666 Timeless Blvd,Active
Future Forward Events,www.futureforward.tech,777 Innovation Dr,Active
Boutique Hotel Events,www.boutiquehotelevents.org,888 Charm St,Active
Grand Ballroom Corp.,www.grandballroom.biz,999 Gala Way,Active
Catering Excellence,www.cateringx.net,121 Culinary St,Active
Audio Visual Masters,www.avmasters.com,232 Sound Ave,UnActive
Lighting Design Studio,www.lightingds.co,343 Glow Dr,UnActive
Sustainable Hospitality Inc.,www.sustainablehosp.net,454 Green Way,Active
Wellness Retreat Organizers,www.wellnessretreats.org,565 Serenity Path,Active
Adventure Travel Events,www.adventurex.com,676 Explore Dr,Active
Culinary Journey Events,www.culinaryjourneys.co,787 Taste Blvd,Active
Artisan Market Experiences,www.artisanmarkets.net,898 Craft St,UnActive
Fashion Show Productions,www.fashionshowprod.com,101 Runway Rd,Active
Luxury Car Event Rentals,www.luxcarrental.biz,212 Drive Way,Active
Yacht Charter Events,www.yachtcharterx.com,323 Marina Dr,Active
Private Jet Experiences,www.privatejetx.net,434 Hangar Ave,Active
Exclusive Villa Rentals,www.exclusiverentals.org,545 Secluded Ln,Active
Castle Wedding Venues,www.castleweddings.com,656 Royal Dr,Active
Garden Party Planners,www.gardenparty.co,767 Bloom St,Active
Rooftop Bar Events,www.rooftopbarx.net,878 Skyline Blvd,Active
Underwater Event Concepts,www.underwaterevents.com,989 Deep Sea Dr,Active
Space Tourism Events,www.spacetourismx.org,101 Orbit Ave,Active
Virtual Reality Events,www.vrexperiences.net,202 Metaverse Dr,Active
Augmented Reality Events,www.arevents.com,303 Reality Ln,Active
Esports Tournament Organizers,www.esportstournaments.co,404 Gaming Blvd,Active
AI Conference Organizers,www.aiconferences.net,505 Neural Net,Active
Blockchain Event Solutions,www.blockchainx.com,606 Ledger Ln,Active
Quantum Computing Forums,www.quantumforums.org,707 Quanta Way,Active
Robotics Expo Management,www.roboticsx.net,808 Automaton Ave,Active
Drone Show Productions,www.droneshoprod.com,909 Aerial Dr,Active
Future Mobility Summits,www.futuremobility.co,111 Transport Rd,Active
Biotech Innovation Events,www.biotechinn.net,222 Genome Blvd,Active
Cleantech Summit Organizers,www.cleantechsummit.com,333 Eco-Friendly St,Active
Renewable Energy Conferences,www.renewablex.org,444 Solar Path,Active
Sustainable Food Events,www.sustfoodevents.net,555 Harvest Ln,Active
Circular Economy Forums,www.circulareconomy.com,666 Recycle Rd,Active
Ocean Conservation Gatherings,www.oceanconserve.org,777 Wave Blvd,Active
Wildlife Preservation Events,www.wildlifepreserve.net,888 Forest Trail,Active
Cultural Exchange Festivals,www.culturalexchange.com,999 Diversity Sq,Active
Music Festival Organizers,www.musicfestorg.biz,123 Harmony Ln,Active
Film Premiere Productions,www.filmpremierx.net,234 Silver Screen,Active
Theater Production Companies,www.theaterprod.com,345 Playwright St,Active
Literary Event Planners,www.literaryevents.org,456 Storybook St,Active
Art Gallery Openings,www.artgalleryx.net,567 Canvas Blvd,Active
Photography Exhibition Organizers,www.photoxhibit.com,678 Lens Rd,Active
Sculpture Garden Events,www.sculpturegardenx.org,789 Marble Way,Active
Dance Performance Producers,www.danceprod.net,890 Rhythm Rd,Active
Fashion Week Organizers,www.fashionweekorg.com,101 Catwalk St,Active
Jewelry Showcase Events,www.jewelryshowcase.org,212 Gemstone Ln,Active
Watch Fair Management,www.watchfair.net,323 Timepiece Blvd,Active
Luxury Goods Expos,www.luxgoodsx.com,434 Premium Rd,Active
Private Art Collections,www.privateartcollect.org,545 Masterpiece Dr,Active
Antique Roadshow Events,www.antiqueroadshowx.net,656 Relic Way,Active
Coin Convention Organizers,www.coincon.com,767 Numismatic Sq,Active
Stamp Exhibition Planners,www.stampexhibit.org,878 Philatelic Blvd,Active
Collectible Toy Shows,www.collectibletoys.net,989 Nostalgia Rd,Active
Sports Memorabilia Auctions,www.sportsmemx.com,101 Fanfare St,Active
Card Game Tournaments,www.cardgametourneys.org,212 Ace Way,Active
Board Game Conventions,www.boardgamecon.net,323 Dice Rd,Active
Role-Playing Game Festivals,www.rpgfest.com,434 Quest Blvd,Active
Comics Convention Organizers,www.comicconorg.org,545 Hero Ln,Active
Sci-Fi Fantasy Fairs,www.scififantasyx.net,656 Galactic Dr,Active
Horror Movie Marathons,www.horrormovies.com,767 Spooky St,Active
Mystery Dinner Events,www.mysterydinnerx.org,878 Clue Way,Active
Escape Room Experiences,www.escaperoomx.net,989 Puzzle Blvd,Active
Magic Show Productions,www.magicshowprod.com,101 Illusion St,Active
Circus Performance Organizers,www.circusperf.org,212 Big Top Rd,Active
Street Art Festivals,www.streetartfest.net,323 Mural Way,Active
Graffiti Art Exhibitions,www.graffitiartx.com,434 Spray Can Ln,Active
Live Painting Events,www.livepainting.org,545 Easel Blvd,Active
Performance Art Collectives,www.performanceartx.net,656 Avant-Garde Dr,Active
Pop-Up Dining Experiences,www.popupdiningx.com,767 Gastronomy St,Active
Food Truck Festivals,www.foodtruckfest.org,878 Foodie Blvd,Active
Craft Beer Tastings,www.craftbeertastings.net,989 Hop Ln,Active
Wine Tasting Events,www.winetastings.com,101 Vineyard Rd,Active
Spirits & Cocktail Mixology,www.cocktailmix.org,212 Distillery Ave,Active
Coffee Expo Organizers,www.coffeeexpo.net,323 Caffeine Blvd,Active
Tea Ceremony Events,www.teaceremonyx.com,434 Zen Path,Active
Baking Competition Shows,www.bakingcomps.org,545 Oven Rd,Active
Chocolate Festival Planners,www.chocolatefestx.net,656 Cocoa Ln,Active
Dessert Showcase Events,www.dessertshowcase.com,767 Sweet Blvd,Active
Health & Fitness Expos,www.healthfitx.org,878 Active Way,Active
Yoga Retreat Organizers,www.yogaretreats.net,989 Serene Path,Active
Mindfulness Workshops,www.mindfulnessx.com,101 Calm St,Active
Baking Competition Shows,www.bakingcomps.org,545 Oven Rd,Active
Chocolate Festival Planners,www.chocolatefestx.net,656 Cocoa Ln,Active
Dessert Showcase Events,www.dessertshowcase.com,767 Sweet Blvd,Active
Health & Fitness Expos,www.healthfitx.org,878 Active Way,Active
Yoga Retreat Organizers,www.yogaretreats.net,989 Serene Path,Active
Mindfulness Workshops,www.mindfulnessx.com,101 Calm St,Active